	BLEU	SacreBLEU	BLEU-Unigram-Precision	BLEU-Bigram-Precision	BLEU-Trigram-Precision	ROUGE-2	ROUGE-L	Sacre-Unigram-Precision	Sacre-Bigram-Precision	Sacre-Trigram-Precision
0	29.20982487087381	24.962654612096056	74.64292610581073	51.53403755205787	37.29847564025322	27.21309028134038	48.43492389813254	71.34481765112123	45.26509445461733	33.71452897626806
