	BLEU	SacreBLEU	BLEU-Unigram-Precision	BLEU-Bigram-Precision	BLEU-Trigram-Precision	ROUGE-2	ROUGE-L	Sacre-Unigram-Precision	Sacre-Bigram-Precision	Sacre-Trigram-Precision
0	30.37453252635758	26.182446373296173	73.83982871144393	51.92822134657238	38.03162145006041	28.124206773375352	48.532956797218795	70.40025270858717	45.91872667141441	34.54850676440974
